[{"model": "admin.logentry", "pk": 1, "fields": {"action_time": "2022-05-10T07:43:21.390Z", "user": 1, "content_type": 6, "object_id": "1", "object_repr": "ArticleSeries object (1)", "action_flag": 1, "change_message": "[{\"added\": {}}]"}}, {"model": "admin.logentry", "pk": 2, "fields": {"action_time": "2022-05-10T07:44:08.595Z", "user": 1, "content_type": 6, "object_id": "2", "object_repr": "ArticleSeries object (2)", "action_flag": 1, "change_message": "[{\"added\": {}}]"}}, {"model": "admin.logentry", "pk": 3, "fields": {"action_time": "2022-05-10T08:00:28.219Z", "user": 1, "content_type": 7, "object_id": "1", "object_repr": "Bengal Cat", "action_flag": 1, "change_message": "[{\"added\": {}}]"}}, {"model": "admin.logentry", "pk": 4, "fields": {"action_time": "2022-05-18T06:48:07.308Z", "user": 1, "content_type": 7, "object_id": "1", "object_repr": "Bengal Cat", "action_flag": 2, "change_message": "[{\"changed\": {\"fields\": [\"Content\", \"Notes\", \"Date modified\"]}}]"}}, {"model": "admin.logentry", "pk": 5, "fields": {"action_time": "2022-05-18T06:50:32.774Z", "user": 1, "content_type": 7, "object_id": "2", "object_repr": "Sphynx Cat", "action_flag": 1, "change_message": "[{\"added\": {}}]"}}, {"model": "admin.logentry", "pk": 6, "fields": {"action_time": "2022-05-18T06:51:52.884Z", "user": 1, "content_type": 7, "object_id": "3", "object_repr": "Akita", "action_flag": 1, "change_message": "[{\"added\": {}}]"}}, {"model": "admin.logentry", "pk": 7, "fields": {"action_time": "2022-05-18T06:52:59.934Z", "user": 1, "content_type": 7, "object_id": "4", "object_repr": "Husky", "action_flag": 1, "change_message": "[{\"added\": {}}]"}}, {"model": "admin.logentry", "pk": 8, "fields": {"action_time": "2022-05-27T08:40:02.462Z", "user": 1, "content_type": 8, "object_id": "3", "object_repr": "testing2", "action_flag": 3, "change_message": ""}}, {"model": "admin.logentry", "pk": 9, "fields": {"action_time": "2022-06-22T07:00:00.842Z", "user": 1, "content_type": 6, "object_id": "2", "object_repr": "Cats", "action_flag": 2, "change_message": "[{\"changed\": {\"fields\": [\"Image\"]}}]"}}, {"model": "admin.logentry", "pk": 10, "fields": {"action_time": "2022-06-22T07:00:10.753Z", "user": 1, "content_type": 6, "object_id": "1", "object_repr": "Dogs", "action_flag": 2, "change_message": "[{\"changed\": {\"fields\": [\"Image\"]}}]"}}, {"model": "admin.logentry", "pk": 11, "fields": {"action_time": "2022-06-22T07:07:25.105Z", "user": 1, "content_type": 7, "object_id": "4", "object_repr": "Husky", "action_flag": 2, "change_message": "[{\"changed\": {\"fields\": [\"Image\"]}}]"}}, {"model": "admin.logentry", "pk": 12, "fields": {"action_time": "2022-06-22T07:07:32.719Z", "user": 1, "content_type": 7, "object_id": "3", "object_repr": "Akita", "action_flag": 2, "change_message": "[{\"changed\": {\"fields\": [\"Image\"]}}]"}}, {"model": "admin.logentry", "pk": 13, "fields": {"action_time": "2022-06-22T07:07:39.004Z", "user": 1, "content_type": 7, "object_id": "2", "object_repr": "Sphynx Cat", "action_flag": 2, "change_message": "[{\"changed\": {\"fields\": [\"Image\"]}}]"}}, {"model": "admin.logentry", "pk": 14, "fields": {"action_time": "2022-06-22T07:07:45.397Z", "user": 1, "content_type": 7, "object_id": "1", "object_repr": "Bengal Cat", "action_flag": 2, "change_message": "[{\"changed\": {\"fields\": [\"Image\"]}}]"}}, {"model": "auth.permission", "pk": 1, "fields": {"name": "Can add log entry", "content_type": 1, "codename": "add_logentry"}}, {"model": "auth.permission", "pk": 2, "fields": {"name": "Can change log entry", "content_type": 1, "codename": "change_logentry"}}, {"model": "auth.permission", "pk": 3, "fields": {"name": "Can delete log entry", "content_type": 1, "codename": "delete_logentry"}}, {"model": "auth.permission", "pk": 4, "fields": {"name": "Can view log entry", "content_type": 1, "codename": "view_logentry"}}, {"model": "auth.permission", "pk": 5, "fields": {"name": "Can add permission", "content_type": 2, "codename": "add_permission"}}, {"model": "auth.permission", "pk": 6, "fields": {"name": "Can change permission", "content_type": 2, "codename": "change_permission"}}, {"model": "auth.permission", "pk": 7, "fields": {"name": "Can delete permission", "content_type": 2, "codename": "delete_permission"}}, {"model": "auth.permission", "pk": 8, "fields": {"name": "Can view permission", "content_type": 2, "codename": "view_permission"}}, {"model": "auth.permission", "pk": 9, "fields": {"name": "Can add group", "content_type": 3, "codename": "add_group"}}, {"model": "auth.permission", "pk": 10, "fields": {"name": "Can change group", "content_type": 3, "codename": "change_group"}}, {"model": "auth.permission", "pk": 11, "fields": {"name": "Can delete group", "content_type": 3, "codename": "delete_group"}}, {"model": "auth.permission", "pk": 12, "fields": {"name": "Can view group", "content_type": 3, "codename": "view_group"}}, {"model": "auth.permission", "pk": 13, "fields": {"name": "Can add content type", "content_type": 4, "codename": "add_contenttype"}}, {"model": "auth.permission", "pk": 14, "fields": {"name": "Can change content type", "content_type": 4, "codename": "change_contenttype"}}, {"model": "auth.permission", "pk": 15, "fields": {"name": "Can delete content type", "content_type": 4, "codename": "delete_contenttype"}}, {"model": "auth.permission", "pk": 16, "fields": {"name": "Can view content type", "content_type": 4, "codename": "view_contenttype"}}, {"model": "auth.permission", "pk": 17, "fields": {"name": "Can add session", "content_type": 5, "codename": "add_session"}}, {"model": "auth.permission", "pk": 18, "fields": {"name": "Can change session", "content_type": 5, "codename": "change_session"}}, {"model": "auth.permission", "pk": 19, "fields": {"name": "Can delete session", "content_type": 5, "codename": "delete_session"}}, {"model": "auth.permission", "pk": 20, "fields": {"name": "Can view session", "content_type": 5, "codename": "view_session"}}, {"model": "auth.permission", "pk": 21, "fields": {"name": "Can add article series", "content_type": 6, "codename": "add_articleseries"}}, {"model": "auth.permission", "pk": 22, "fields": {"name": "Can change article series", "content_type": 6, "codename": "change_articleseries"}}, {"model": "auth.permission", "pk": 23, "fields": {"name": "Can delete article series", "content_type": 6, "codename": "delete_articleseries"}}, {"model": "auth.permission", "pk": 24, "fields": {"name": "Can view article series", "content_type": 6, "codename": "view_articleseries"}}, {"model": "auth.permission", "pk": 25, "fields": {"name": "Can add article", "content_type": 7, "codename": "add_article"}}, {"model": "auth.permission", "pk": 26, "fields": {"name": "Can change article", "content_type": 7, "codename": "change_article"}}, {"model": "auth.permission", "pk": 27, "fields": {"name": "Can delete article", "content_type": 7, "codename": "delete_article"}}, {"model": "auth.permission", "pk": 28, "fields": {"name": "Can view article", "content_type": 7, "codename": "view_article"}}, {"model": "auth.permission", "pk": 29, "fields": {"name": "Can add user", "content_type": 8, "codename": "add_customuser"}}, {"model": "auth.permission", "pk": 30, "fields": {"name": "Can change user", "content_type": 8, "codename": "change_customuser"}}, {"model": "auth.permission", "pk": 31, "fields": {"name": "Can delete user", "content_type": 8, "codename": "delete_customuser"}}, {"model": "auth.permission", "pk": 32, "fields": {"name": "Can view user", "content_type": 8, "codename": "view_customuser"}}, {"model": "contenttypes.contenttype", "pk": 1, "fields": {"app_label": "admin", "model": "logentry"}}, {"model": "contenttypes.contenttype", "pk": 2, "fields": {"app_label": "auth", "model": "permission"}}, {"model": "contenttypes.contenttype", "pk": 3, "fields": {"app_label": "auth", "model": "group"}}, {"model": "contenttypes.contenttype", "pk": 4, "fields": {"app_label": "contenttypes", "model": "contenttype"}}, {"model": "contenttypes.contenttype", "pk": 5, "fields": {"app_label": "sessions", "model": "session"}}, {"model": "contenttypes.contenttype", "pk": 6, "fields": {"app_label": "main", "model": "articleseries"}}, {"model": "contenttypes.contenttype", "pk": 7, "fields": {"app_label": "main", "model": "article"}}, {"model": "contenttypes.contenttype", "pk": 8, "fields": {"app_label": "users", "model": "customuser"}}, {"model": "sessions.session", "pk": "56kandugy2k43ijzvd8ynrh9v6q7m0i1", "fields": {"session_data": ".eJxVjcEOwiAQRP-FsyFAKWw9eu83kN0FpGpoUtqT8d9tkx70Ou_NzFsE3NYStpaWMEVxFVpcfjNCfqZ6gPjAep8lz3VdJpKHIk_a5DjH9Lqd7t9AwVb2tldaOe9ixo4Hq4xyDgwbsJ40EGeKVkWNQ6fBut4QQM9EQH6_6JCz-HwBvyU3xA:1nuVVf:vPTGzjLXCvwPCqtXHUDQ4nyc7dLwGbz-hYyMoFuOCwA", "expire_date": "2022-06-10T08:39:51.935Z"}}, {"model": "sessions.session", "pk": "6ukjkgjd4gv5wfzd2ytspybwrqlqlbb7", "fields": {"session_data": ".eJxVi0sOwyAMBe_CuooAB5t2WSnnQLYBEfWzKMkq6t3bSFm0y3kzbzOJ16WltZdXmrO5GDCn301Yb-W5ix37cHAfpgfP9-th_y6Ne_v2LlDOESo78IpnQos2KkX0oY5kRaxWyw4VxI2ZWEMMIsgekAt6Ne8PdeUySg:1pDHAN:ZF3Ahs9Pwz_VuyCAHpZWLizMxDUw4nOF1c3qt07Csjg", "expire_date": "2023-01-19T03:43:43.495Z"}}, {"model": "sessions.session", "pk": "py8tei8mqlh6fx4j549vz2z5gn6yp0vo", "fields": {"session_data": ".eJxVjcEOwiAQRP-FsyFAKWw9eu83kN0FpGpoUtqT8d9tkx70Ou_NzFsE3NYStpaWMEVxFVpcfjNCfqZ6gPjAep8lz3VdJpKHIk_a5DjH9Lqd7t9AwVb2tldaOe9ixo4Hq4xyDgwbsJ40EGeKVkWNQ6fBut4QQM9EQH6_6JCz-HwBvyU3xA:1nmVkQ:zr0SNNIfOucoKOb-X4y0cFl9xJTa_PntOZTOrxyF2Yc", "expire_date": "2022-05-19T07:18:02.553Z"}}, {"model": "sessions.session", "pk": "x79oa99shcx55hqje1jt7jobwunyeg4v", "fields": {"session_data": ".eJxVjUsOgzAMRO-SdYXsJCSmy0o9R2Q7REH9LBpYVdwdkFi0yzdvRvM1iZe5pqWNnzRlczVoLr-ZsD7G9yEObN3Jrbu_eHreTvs3qdzq3o-AEGLIhZ0OHiyEQFYt-ShIokWyh4w8OCQfeitEvYqQxP3CsRazbmqtMns:1o3bPJ:JTnC3a-VJYaoHsRVfMm_ZVUSjPu9IR3r2yltbmgDEhg", "expire_date": "2022-07-05T10:46:53.550Z"}}, {"model": "main.articleseries", "pk": 1, "fields": {"title": "Dogs", "subtitle": "Everything about dogs", "slug": "dogs", "published": "2022-05-10T07:43:07Z", "author": 1, "image": "ArticleSeries/dogs/dog.jpg"}}, {"model": "main.articleseries", "pk": 2, "fields": {"title": "Cats", "subtitle": "Everything about cats", "slug": "cats", "published": "2022-05-10T07:43:57Z", "author": 1, "image": "ArticleSeries/cats/cat.jpg"}}, {"model": "main.article", "pk": 1, "fields": {"title": "Bengal Cat", "subtitle": "The Bengal cat is a domesticated cat breed created from hybrids of domestic cats, especially the spotted Egyptian Mau, with the Asian leopard cat (Prionailurus bengalensis).", "article_slug": "bengal-cat", "content": "<p>The breed name comes from the leopard cat's taxonomic name. Bengals have a wild appearance; their golden shimmer comes from their leopard cat ancestry, and their coats may show spots, rosettes, arrowhead markings, or marbling. They are an energetic breed which needs much exercise and play.</p>", "notes": "<p>https://en.wikipedia.org/wiki/Bengal_cat</p>", "published": "2022-05-10T07:45:00Z", "modified": "2022-05-18T06:48:05Z", "series": 2, "author": 1, "image": "ArticleSeries/cats/bengal-cat/bengal.jpg"}}, {"model": "main.article", "pk": 2, "fields": {"title": "Sphynx Cat", "subtitle": "The Sphynx cat also known as the Canadian Sphynx, is a breed of cat known for its lack of fur﻿", "article_slug": "sphynx", "content": "<p><span style=\"color: #202122; font-family: sans-serif; font-size: 14px;\">Hairlessness in&nbsp;</span><a style=\"text-decoration-line: none; color: #0b0080; background-image: none; background-position: initial; background-size: initial; background-repeat: initial; background-attachment: initial; background-origin: initial; background-clip: initial; font-family: sans-serif; font-size: 14px;\" title=\"Cat\" href=\"https://en.wikipedia.org/wiki/Cat\">cats</a><span style=\"color: #202122; font-family: sans-serif; font-size: 14px;\">&nbsp;is a naturally occurring genetic mutation, and the Sphynx was developed through&nbsp;</span><a style=\"text-decoration-line: none; color: #0b0080; background-image: none; background-position: initial; background-size: initial; background-repeat: initial; background-attachment: initial; background-origin: initial; background-clip: initial; font-family: sans-serif; font-size: 14px;\" title=\"Selective breeding\" href=\"https://en.wikipedia.org/wiki/Selective_breeding\">selective breeding</a><span style=\"color: #202122; font-family: sans-serif; font-size: 14px;\">&nbsp;of these animals, starting in the 1960s.</span><sup id=\"cite_ref-1\" class=\"reference\" style=\"line-height: 1; unicode-bidi: isolate; white-space: nowrap; font-size: 11.2px; color: #202122; font-family: sans-serif;\"><a style=\"text-decoration-line: none; color: #0b0080; background: none;\" href=\"https://en.wikipedia.org/wiki/Sphynx_cat#cite_note-1\">[1]</a></sup></p>\r\n<p><sup class=\"reference\" style=\"line-height: 1; unicode-bidi: isolate; white-space: nowrap; font-size: 11.2px; color: #202122; font-family: sans-serif;\"><span style=\"font-size: 14px; white-space: normal;\">According to breed standards, the skin should have the texture of&nbsp;</span><a style=\"text-decoration-line: none; color: #0b0080; background-image: none; background-position: initial; background-size: initial; background-repeat: initial; background-attachment: initial; background-origin: initial; background-clip: initial; font-size: 14px; white-space: normal;\" title=\"Chamois leather\" href=\"https://en.wikipedia.org/wiki/Chamois_leather\">chamois leather</a><span style=\"font-size: 14px; white-space: normal;\">, as it has fine hairs, or the cat may be completely hairless. Whiskers may be present, either whole or broken, or may be totally absent. The cats have a narrow, long head and webbed feet. Their skin is the color that their fur would be, and all the usual cat markings (solid, point, van, tabby, tortie, etc.) may be found on the Sphynx cat's skin. Because they have no fur, Sphynx cats lose body heat more readily than coated cats, making them both warm to the touch and prone to seeking out warm places.</span></sup></p>", "notes": "<p>https://en.wikipedia.org/wiki/Sphynx_cat</p>", "published": "2022-05-18T06:50:32.770Z", "modified": "2022-05-18T06:48:45Z", "series": 2, "author": 1, "image": "ArticleSeries/cats/sphynx/sphynx.jpg"}}, {"model": "main.article", "pk": 3, "fields": {"title": "Akita", "subtitle": "The Akita is a dog breed of large size originating from the mountainous regions of northern Japan﻿", "article_slug": "akita", "content": "<p><span style=\"color: #202122; font-family: sans-serif; font-size: 14px;\">The&nbsp;</span><strong style=\"color: #202122; font-family: sans-serif; font-size: 14px;\">Akita</strong><span style=\"color: #202122; font-family: sans-serif; font-size: 14px;\">&nbsp;(<span title=\"Japanese-language text\"><span lang=\"ja\"><a class=\"extiw\" style=\"text-decoration-line: none; color: #663366; background: none;\" title=\"wikt:秋田犬\" href=\"https://en.wiktionary.org/wiki/%E7%A7%8B%E7%94%B0%E7%8A%AC\">秋田犬</a></span></span>,&nbsp;<span title=\"Hepburn transliteration\"><em lang=\"ja-Latn\">Akita-inu</em></span>,&nbsp;<small style=\"font-size: 11.9px;\">Japanese pronunciation:&nbsp;</small><span class=\"IPA\" title=\"Representation in the International Phonetic Alphabet (IPA)\"><a style=\"color: #0b0080; background: none; text-decoration-line: none !important;\" title=\"Help:IPA/Japanese\" href=\"https://en.wikipedia.org/wiki/Help:IPA/Japanese\">[akʲita.inɯ]</a></span>)</span><span style=\"color: #202122; font-family: sans-serif; font-size: 14px;\">&nbsp;is a&nbsp;</span><a class=\"mw-redirect\" style=\"text-decoration-line: none; color: #0b0080; background-image: none; background-position: initial; background-size: initial; background-repeat: initial; background-attachment: initial; background-origin: initial; background-clip: initial; font-family: sans-serif; font-size: 14px;\" title=\"Breed of dog\" href=\"https://en.wikipedia.org/wiki/Breed_of_dog\">dog breed</a><span style=\"color: #202122; font-family: sans-serif; font-size: 14px;\">&nbsp;of large size originating from the mountainous regions of northern&nbsp;</span><a style=\"text-decoration-line: none; color: #0b0080; background-image: none; background-position: initial; background-size: initial; background-repeat: initial; background-attachment: initial; background-origin: initial; background-clip: initial; font-family: sans-serif; font-size: 14px;\" title=\"Japan\" href=\"https://en.wikipedia.org/wiki/Japan\">Japan</a><span style=\"color: #202122; font-family: sans-serif; font-size: 14px;\">. The two separate varieties of Akita are a Japanese strain, commonly called Akita Inu (</span><em style=\"color: #202122; font-family: sans-serif; font-size: 14px;\">inu</em><span style=\"color: #202122; font-family: sans-serif; font-size: 14px;\">&nbsp;means dog in Japanese) or Japanese Akita, and an American strain, known as the Akita or American Akita.</span><sup id=\"cite_ref-akitanodog.info_2-0\" class=\"reference\" style=\"line-height: 1; unicode-bidi: isolate; white-space: nowrap; font-size: 11.2px; color: #202122; font-family: sans-serif;\"><a style=\"text-decoration-line: none; color: #0b0080; background: none;\" href=\"https://en.wikipedia.org/wiki/Akita_(dog)#cite_note-akitanodog.info-2\">[2]</a></sup><span style=\"color: #202122; font-family: sans-serif; font-size: 14px;\">&nbsp;The Japanese strain occurs in a narrow palette of colors, with all other colors considered atypical of the breed, while the American strain comes in all dog colors.</span><sup id=\"cite_ref-3\" class=\"reference\" style=\"line-height: 1; unicode-bidi: isolate; white-space: nowrap; font-size: 11.2px; color: #202122; font-family: sans-serif;\"><a style=\"text-decoration-line: none; color: #0b0080; background: none;\" href=\"https://en.wikipedia.org/wiki/Akita_(dog)#cite_note-3\">[3]</a></sup><span style=\"color: #202122; font-family: sans-serif; font-size: 14px;\">&nbsp;The Akita has a short double&nbsp;</span><a class=\"mw-redirect\" style=\"text-decoration-line: none; color: #0b0080; background-image: none; background-position: initial; background-size: initial; background-repeat: initial; background-attachment: initial; background-origin: initial; background-clip: initial; font-family: sans-serif; font-size: 14px;\" title=\"Coat (dog)\" href=\"https://en.wikipedia.org/wiki/Coat_(dog)\">coat</a><span style=\"color: #202122; font-family: sans-serif; font-size: 14px;\">&nbsp;similar to that of many other northern&nbsp;</span><a style=\"text-decoration-line: none; color: #0b0080; background-image: none; background-position: initial; background-size: initial; background-repeat: initial; background-attachment: initial; background-origin: initial; background-clip: initial; font-family: sans-serif; font-size: 14px;\" title=\"Spitz\" href=\"https://en.wikipedia.org/wiki/Spitz\">spitz breeds</a><span style=\"color: #202122; font-family: sans-serif; font-size: 14px;\">&nbsp;such as the&nbsp;</span><a style=\"text-decoration-line: none; color: #0b0080; background-image: none; background-position: initial; background-size: initial; background-repeat: initial; background-attachment: initial; background-origin: initial; background-clip: initial; font-family: sans-serif; font-size: 14px;\" title=\"Siberian Husky\" href=\"https://en.wikipedia.org/wiki/Siberian_Husky\">Siberian Husky</a><span style=\"color: #202122; font-family: sans-serif; font-size: 14px;\">, but long-coated dogs can also be found in many litters due to a recessive gene.</span></p>", "notes": "<p>https://en.wikipedia.org/wiki/Akita_(dog)</p>", "published": "2022-05-18T06:51:52.881Z", "modified": "2022-05-18T06:50:35Z", "series": 1, "author": 1, "image": "ArticleSeries/dogs/akita/akita.jpg"}}, {"model": "main.article", "pk": 4, "fields": {"title": "Husky", "subtitle": "Husky is a general term for a dog used in the polar regions, primarily and specifically for work as sled dogs", "article_slug": "husky", "content": "<p><span style=\"color: #202122; font-family: sans-serif; font-size: 14px;\">It refers to a traditional northern type, notable for its cold-weather tolerance and overall hardiness.</span><sup id=\"cite_ref-1\" class=\"reference\" style=\"line-height: 1; unicode-bidi: isolate; white-space: nowrap; font-size: 11.2px; color: #202122; font-family: sans-serif;\"><a style=\"text-decoration-line: none; color: #0b0080; background: none;\" href=\"https://en.wikipedia.org/wiki/Husky#cite_note-1\">[1]</a></sup><sup id=\"cite_ref-2\" class=\"reference\" style=\"line-height: 1; unicode-bidi: isolate; white-space: nowrap; font-size: 11.2px; color: #202122; font-family: sans-serif;\"><a style=\"text-decoration-line: none; color: #0b0080; background: none;\" href=\"https://en.wikipedia.org/wiki/Husky#cite_note-2\">[2]</a></sup><span style=\"color: #202122; font-family: sans-serif; font-size: 14px;\">&nbsp;Though dogs such as the AKC/CKC-registered&nbsp;</span><a style=\"text-decoration-line: none; color: #0b0080; background-image: none; background-position: initial; background-size: initial; background-repeat: initial; background-attachment: initial; background-origin: initial; background-clip: initial; font-family: sans-serif; font-size: 14px;\" title=\"Alaskan Malamute\" href=\"https://en.wikipedia.org/wiki/Alaskan_Malamute\">Alaskan Malamute</a><span style=\"color: #202122; font-family: sans-serif; font-size: 14px;\">&nbsp;may not contain \"Husky\" in their official name, the term still encompasses dogs of their type.</span><sup class=\"noprint Inline-Template Template-Fact\" style=\"line-height: 1; font-size: 11.2px; color: #202122; font-family: sans-serif; white-space: nowrap;\">[<em><a style=\"text-decoration-line: none; color: #0b0080; background: none;\" title=\"Wikipedia:Citation needed\" href=\"https://en.wikipedia.org/wiki/Wikipedia:Citation_needed\"><span title=\"This claim needs references to reliable sources. (March 2022)\">citation needed</span></a></em>]</sup><span style=\"color: #202122; font-family: sans-serif; font-size: 14px;\">&nbsp;Modern racing huskies that maintain arctic breed traits (also known as Alaskan huskies) represent an ever-changing&nbsp;</span><a style=\"text-decoration-line: none; color: #0b0080; background-image: none; background-position: initial; background-size: initial; background-repeat: initial; background-attachment: initial; background-origin: initial; background-clip: initial; font-family: sans-serif; font-size: 14px;\" title=\"Dog crossbreed\" href=\"https://en.wikipedia.org/wiki/Dog_crossbreed\">crossbreed</a><span style=\"color: #202122; font-family: sans-serif; font-size: 14px;\">&nbsp;of the fastest dogs.</span><sup id=\"cite_ref-3\" class=\"reference\" style=\"line-height: 1; unicode-bidi: isolate; white-space: nowrap; font-size: 11.2px; color: #202122; font-family: sans-serif;\"><a style=\"text-decoration-line: none; color: #0b0080; background: none;\" href=\"https://en.wikipedia.org/wiki/Husky#cite_note-3\">[3]</a></sup><sup id=\"cite_ref-4\" class=\"reference\" style=\"line-height: 1; unicode-bidi: isolate; white-space: nowrap; font-size: 11.2px; color: #202122; font-family: sans-serif;\"><a style=\"text-decoration-line: none; color: #0b0080; background: none;\" href=\"https://en.wikipedia.org/wiki/Husky#cite_note-4\">[4]</a></sup></p>", "notes": "<p>https://en.wikipedia.org/wiki/Husky</p>", "published": "2022-05-18T06:52:59.930Z", "modified": "2022-05-18T06:52:11Z", "series": 1, "author": 1, "image": "ArticleSeries/dogs/husky/husky.jpg"}}, {"model": "users.customuser", "pk": 1, "fields": {"password": "pbkdf2_sha256$320000$oHgPV7nzxyZJBji5IEValV$odYkTjhsq8sxpU+lXDYMxFLLugEDe5HqUx38rx936HU=", "last_login": "2022-06-21T10:46:53.545Z", "is_superuser": true, "username": "test", "first_name": "", "last_name": "", "is_staff": true, "is_active": true, "date_joined": "2022-05-05T07:16:44.802Z", "email": "test@test.test", "status": "regular", "description": "Just a test admin user", "image": "Users/test/akita.jpg", "groups": [], "user_permissions": []}}, {"model": "users.customuser", "pk": 2, "fields": {"password": "pbkdf2_sha256$320000$WrrXeSYdAgPoL6QYVJyoDB$A5ZMXN31Gs5S+yybgzMjWslSmLhC5NPhtEjXJbfJvZ8=", "last_login": "2022-05-24T19:40:55.978Z", "is_superuser": false, "username": "testings", "first_name": "testing", "last_name": "testing", "is_staff": false, "is_active": true, "date_joined": "2022-05-24T19:40:55.796Z", "email": "testings@test.test", "status": "regular", "description": "", "image": "default/user.jpg", "groups": [], "user_permissions": []}}, {"model": "users.customuser", "pk": 3, "fields": {"password": "pbkdf2_sha256$260000$1SPc4yfFXGZcrSapGlEU8C$2tiqddiKCrxar++z8L0cGVnIjTpLF9usWEhoaOb+50k=", "last_login": "2023-01-05T03:43:43.484Z", "is_superuser": false, "username": "cloud_user", "first_name": "Diep", "last_name": "Tran", "is_staff": false, "is_active": true, "date_joined": "2023-01-05T03:43:07.516Z", "email": "tranhoangdiepbp@gmail.com", "status": "regular", "description": "", "image": "default/user.jpg", "groups": [], "user_permissions": []}}]